pocket_penetration_ind,avg_penetration_time_s,avg_pass_rush_influence_score
0.0,,
1.0,1.8,0.04898808574379284
1.0,1.1,0.02255394948589791
0.0,,
1.0,3.2,8.438440867156111e-05
